SourceAsset,ShopId,ShopAlias,CommodityId,ItemTemplateId,ItemName,Count,BasePrice,BuyFromShopPriceCoefficient,BuyPrice,Chance,PositionViewPriority,ContainerContent
shop_templates,e2874df4-6a8c-4539-ace0-926d4f43766a,01_Warehouse_YellowVan_RaidShop,Warehouse_NPC_Trader_01_SimpleItem_Recycled garbage_Sessions_2+_eacf44d6,9c5864fb-7aff-4c42-bd1c-1a6a76b89ec5,Spirit level,1,7888,1.50,11832,0.05,1,
shop_templates,e2874df4-6a8c-4539-ace0-926d4f43766a,01_Warehouse_YellowVan_RaidShop,72344ade-f87e-4543-a7b9-18ed9d1f05ef,fd72a971-80d2-4dd3-9d56-22dbbd066642,Lockpick_01,2,300,2.00,600,0.2,2,
shop_templates,e2874df4-6a8c-4539-ace0-926d4f43766a,01_Warehouse_YellowVan_RaidShop,Warehouse_NPC_Trader_01_57x28_Default_8c7b495a,0e9060f6-f0d4-4f62-9457-c9165a959b4d,57x28,120,14,1.00,14,1.0,8,
shop_templates,e2874df4-6a8c-4539-ace0-926d4f43766a,01_Warehouse_YellowVan_RaidShop,Warehouse_NPC_Trader_01_556x45_Default_08bd8232,156fe687-ac99-4003-9d05-5c5411cd6bac,7.61x54R,10,35,1.00,35,0.3,9,
shop_templates,e2874df4-6a8c-4539-ace0-926d4f43766a,01_Warehouse_YellowVan_RaidShop,Warehouse_NPC_Trader_01_556x45_Default_3259399b,610a082d-33bd-460b-bb88-ef3151b583d4,5.56x45,300,18,1.00,18,1.0,10,
shop_templates,e2874df4-6a8c-4539-ace0-926d4f43766a,01_Warehouse_YellowVan_RaidShop,Warehouse_NPC_Trader_01_9x19_AP_6278680e,bb5ca07d-ad87-45c0-96da-dd153a03bcf7,9x19 AP,120,15,1.00,15,0.3,11,
shop_templates,e2874df4-6a8c-4539-ace0-926d4f43766a,01_Warehouse_YellowVan_RaidShop,Warehouse_NPC_Trader_01_45ACP_AP_3b203878,394783c8-3fa6-4573-a154-fa52921eeb15,.45ACP AP,120,18,1.00,18,0.3,12,
shop_templates,e2874df4-6a8c-4539-ace0-926d4f43766a,01_Warehouse_YellowVan_RaidShop,f7d3ee61-c117-489f-a335-36866d04e661,7c1e3436-0b6b-4413-89f5-1e154d09f792,Gaston 17 drum mag,1,10000,1.00,10000,0.2,13,
shop_templates,e2874df4-6a8c-4539-ace0-926d4f43766a,01_Warehouse_YellowVan_RaidShop,5b96df93-33de-4a66-aab2-5f70dc63848c,17f481eb-0cb3-441c-a5d3-36bc7a047f9f,Shocker,1,5000,1.00,5000,0.2,14,
shop_templates,e2874df4-6a8c-4539-ace0-926d4f43766a,01_Warehouse_YellowVan_RaidShop,d789ac79-dc1b-45e7-bb68-bcf47a8fc442,a98c1804-2afc-492d-8f99-feb7ce821281,Power_bank,1,4500,1.00,4500,0.05,15,
shop_templates,e2874df4-6a8c-4539-ace0-926d4f43766a,01_Warehouse_YellowVan_RaidShop,ff0156ae-7cbe-4d00-84a5-ab1e7c2dd5b7,4a39e63c-2ff0-4121-83ca-a03992073c46,He1 helmet,1,1900,1.00,1900,0.7,16,
shop_templates,e2874df4-6a8c-4539-ace0-926d4f43766a,01_Warehouse_YellowVan_RaidShop,0e14b0b9-7169-4553-9c6e-0a46b27d4dea,a9fa2bab-dd83-4a9d-9cb4-d02a9cfcdf39,12x70,120,15,1.00,15,1.0,17,
shop_templates,e2874df4-6a8c-4539-ace0-926d4f43766a,01_Warehouse_YellowVan_RaidShop,e416bcca-307f-4ec2-a11e-f4894e8135f6,a7721ae4-5bb3-4c09-8605-e18272b59ac6,5.45x39,200,16,1.00,16,1.0,18,
shop_templates,a1d0c214-f707-4975-9d64-b8e6405fceec,02_Port_YellowVan_RaidShop,Warehouse_NPC_Trader_01_SimpleItem_Recycled garbage_Sessions_2+_eacf44d6,9c5864fb-7aff-4c42-bd1c-1a6a76b89ec5,Spirit level,1,7888,1.50,11832,0.1,1,
shop_templates,a1d0c214-f707-4975-9d64-b8e6405fceec,02_Port_YellowVan_RaidShop,3aa7a2dc-b6f0-4bb4-b9b2-4bba4ba1325b,fd72a971-80d2-4dd3-9d56-22dbbd066642,Lockpick_01,2,300,2.00,600,0.2,2,
shop_templates,a1d0c214-f707-4975-9d64-b8e6405fceec,02_Port_YellowVan_RaidShop,b2d73841-2b7f-4322-9e0c-f5fa09085024,5e791bcd-3fda-499f-8a8c-ef00e8b5fbb9,Zigler sewing machine,1,1200,1.50,1800,0.1,3,
shop_templates,a1d0c214-f707-4975-9d64-b8e6405fceec,02_Port_YellowVan_RaidShop,60ad16e5-ee63-4d29-9e3f-4ce8b9d35744,4f4d9fa0-cdc4-44cb-b673-cbb66d9a6ef8,CoffeeMachine_01_L,1,12420,1.50,18630,0.1,4,
shop_templates,a1d0c214-f707-4975-9d64-b8e6405fceec,02_Port_YellowVan_RaidShop,46e98b26-bef6-4972-b010-64a6882d1259,658c3e97-c4cb-431d-b9fe-476441a23992,Sashiko sewing machine,1,3600,1.50,5400,0.1,5,
shop_templates,a1d0c214-f707-4975-9d64-b8e6405fceec,02_Port_YellowVan_RaidShop,2b3bd68e-c86e-41c2-8a98-2dc0dedb17fe,c2505272-c1d2-44ec-b491-3e173c5213d5,UtilityKnife_01_S,2,30,1.50,45,0.1,6,
shop_templates,a1d0c214-f707-4975-9d64-b8e6405fceec,02_Port_YellowVan_RaidShop,30779d81-fe98-46d8-b523-7de4af4fc179,4a39e63c-2ff0-4121-83ca-a03992073c46,He1 helmet,2,1900,1.50,2850,0.8,7,
shop_templates,a1d0c214-f707-4975-9d64-b8e6405fceec,02_Port_YellowVan_RaidShop,47cc46db-80cb-4a67-9151-184b358c987e,e1f18110-8922-42f5-a7a6-69de9bc7cc9f,F2 grenade,3,1300,1.50,1950,0.05,8,
shop_templates,a1d0c214-f707-4975-9d64-b8e6405fceec,02_Port_YellowVan_RaidShop,b1679049-f23c-4fe6-a9d7-e0adb253d060,c353d7eb-99c0-400e-89b7-9f9b27c902d0,Bp_RightArm_02_Model_03,1,7000,1.50,10500,1.0,9,
shop_templates,a1d0c214-f707-4975-9d64-b8e6405fceec,02_Port_YellowVan_RaidShop,20a02d23-a386-4fba-9a0f-4a1dc5ffca81,17f481eb-0cb3-441c-a5d3-36bc7a047f9f,Shocker,1,5000,1.00,5000,0.1,10,
shop_templates,a1d0c214-f707-4975-9d64-b8e6405fceec,02_Port_YellowVan_RaidShop,38374fca-2415-4f96-98f4-783386707451,a98c1804-2afc-492d-8f99-feb7ce821281,Power_bank,1,4500,1.00,4500,0.1,11,
shop_templates,a1d0c214-f707-4975-9d64-b8e6405fceec,02_Port_YellowVan_RaidShop,Warehouse_NPC_Trader_01_57x28_Default_8c7b495a,a7721ae4-5bb3-4c09-8605-e18272b59ac6,5.45x39,300,16,1.00,16,1.0,18,
shop_templates,a1d0c214-f707-4975-9d64-b8e6405fceec,02_Port_YellowVan_RaidShop,Warehouse_NPC_Trader_01_556x45_Default_08bd8232,156fe687-ac99-4003-9d05-5c5411cd6bac,7.61x54R,10,35,1.00,35,0.5,19,
shop_templates,a1d0c214-f707-4975-9d64-b8e6405fceec,02_Port_YellowVan_RaidShop,Warehouse_NPC_Trader_01_556x45_Default_3259399b,610a082d-33bd-460b-bb88-ef3151b583d4,5.56x45,300,18,1.00,18,1.0,20,
shop_templates,a1d0c214-f707-4975-9d64-b8e6405fceec,02_Port_YellowVan_RaidShop,Warehouse_NPC_Trader_01_9x19_AP_6278680e,bb5ca07d-ad87-45c0-96da-dd153a03bcf7,9x19 AP,60,15,1.00,15,0.3,21,
shop_templates,a1d0c214-f707-4975-9d64-b8e6405fceec,02_Port_YellowVan_RaidShop,Warehouse_NPC_Trader_01_45ACP_AP_3b203878,394783c8-3fa6-4573-a154-fa52921eeb15,.45ACP AP,60,18,1.00,18,0.3,22,
shop_templates,a1d0c214-f707-4975-9d64-b8e6405fceec,02_Port_YellowVan_RaidShop,f7d3ee61-c117-489f-a335-36866d04e661,8c8fbaa4-2e48-41e8-b8b3-a76bbd4486bc,Courier bag yellow,1,1000,1.00,1000,0.5,23,
shop_templates,a1d0c214-f707-4975-9d64-b8e6405fceec,02_Port_YellowVan_RaidShop,0e14b0b9-7169-4553-9c6e-0a46b27d4dea,a9fa2bab-dd83-4a9d-9cb4-d02a9cfcdf39,12x70,120,15,1.00,15,1.0,24,
shop_templates,101db923-b828-417d-9103-c0ea7ac65713,PEDLAR,Day1Preset_SimpleItem_9x19 A-I_AccountLevel_1+,a6b4d8ab-7ec1-4561-a22e-3b87a7a08a5d,7.62x51,300,24,1.00,24,1.0,1,
shop_templates,101db923-b828-417d-9103-c0ea7ac65713,PEDLAR,Day1Preset_SimpleItem_5.45x39 A-I_Ammo Crafter__from__2,a7721ae4-5bb3-4c09-8605-e18272b59ac6,5.45x39,300,16,1.00,16,1.0,2,
shop_templates,101db923-b828-417d-9103-c0ea7ac65713,PEDLAR,Day1Preset_SimpleItem_12x70 A-I_Ammo Crafter__from__1,8efa41be-c593-4490-a6e4-b5827ed27260,7.62x39,100,20,1.00,20,0.5,3,
shop_templates,101db923-b828-417d-9103-c0ea7ac65713,PEDLAR,Day1Preset_SimpleItem_5.56x45 A-I_Ammo Crafter__from__2,610a082d-33bd-460b-bb88-ef3151b583d4,5.56x45,300,18,1.00,18,1.0,4,
shop_templates,101db923-b828-417d-9103-c0ea7ac65713,PEDLAR,Day1Preset_SimpleItem_Cashbox_AccountLevel_1+,830b5f16-acc5-4bd3-a266-5bd578690c10,ETA 45 threaded barrel,1,7000,1.00,7000,0.5,5,
shop_templates,101db923-b828-417d-9103-c0ea7ac65713,PEDLAR,d5b7a2ea-cca8-43d8-90cb-3ac5dd99d7b4,f4cacf3d-95ef-4f88-8dd7-ce1721f12c20,ETA 5 drum mag,1,10000,1.00,10000,0.5,6,
shop_templates,101db923-b828-417d-9103-c0ea7ac65713,PEDLAR,Day1Preset_SimpleItem_Aidkit box_AccountLevel_1+,805214b3-cc17-4209-a067-e52a0f5e568f,Pistol_06_Barrel_02,1,6000,1.00,6000,0.5,7,
shop_templates,101db923-b828-417d-9103-c0ea7ac65713,PEDLAR,Day1Preset_SimpleItem_Ammo box_AccountLevel_1+,82bcee1e-75de-4dfc-8e41-e9f99defb7b0,AssaultRifle_01_Butt_02,1,5000,1.00,5000,0.5,8,
shop_templates,101db923-b828-417d-9103-c0ea7ac65713,PEDLAR,f1f69c67-1571-430c-8923-ebf43a1687d4,17f481eb-0cb3-441c-a5d3-36bc7a047f9f,Shocker,1,5000,1.00,5000,0.1,9,
shop_templates,101db923-b828-417d-9103-c0ea7ac65713,PEDLAR,b459a07e-f598-4b45-9185-09f8c73d52f6,a98c1804-2afc-492d-8f99-feb7ce821281,Power_bank,1,4500,1.00,4500,0.05,10,
shop_templates,101db923-b828-417d-9103-c0ea7ac65713,PEDLAR,Day1Preset_SimpleItem_Rifle case_AccountLevel_1+,dea1f466-4df1-4583-ae65-30a7ae7b37a9,Bp_Hat_04,1,700,1.00,700,0.8,11,
shop_templates,101db923-b828-417d-9103-c0ea7ac65713,PEDLAR,f76ed2fb-6a9b-4456-b2e4-e0c7b5b79a30,a2edf11d-e714-4fcc-8e87-ba4631e69a56,Bp_Zenith tactical vest,1,650,1.00,650,0.8,12,
shop_templates,101db923-b828-417d-9103-c0ea7ac65713,PEDLAR,1bed5300-dd63-4829-9d5b-be304d2b58fd,32d2d3a2-d2d7-4cc2-b4fd-c8001d63081c,Plastic bottle silencer,1,100,1.00,100,0.4,13,
shop_templates,101db923-b828-417d-9103-c0ea7ac65713,PEDLAR,Day1Preset_SimpleItem_Junkbox_AccountLevel_1+,f5a0bb7d-e999-4a41-baf5-f0eed1ba4880,Bp_EMERKIT_Junkbox,1,1000,1.00,1000,0.3,14,
shop_templates,101db923-b828-417d-9103-c0ea7ac65713,PEDLAR,908e2b1f-80fd-41d9-a48a-7d7c12d911bb,01d4067b-1747-4c85-9e86-c47cf311ed15,Hugger backpack,1,6500,1.00,6500,0.01,15,
shop_templates,101db923-b828-417d-9103-c0ea7ac65713,PEDLAR,Day1Preset_SimpleItem_QuestTool_01_Filter_Quest_mission_ever_b002_0001_0040_CompletedQuest,5f5a1bff-6b5b-45b1-8b3b-06441a7f7d3f,Oscar 590A1 grip X,1,3000,1.00,3000,0.5,16,
shop_templates,101db923-b828-417d-9103-c0ea7ac65713,PEDLAR,811fbc67-a06a-4929-ae6c-e21c1895c249,0099bf36-a254-466a-a383-5555264bf07e,SMG_02_Butt_02,1,8000,1.00,8000,0.5,17,
shop_templates,101db923-b828-417d-9103-c0ea7ac65713,PEDLAR,111a355c-c854-4e51-858a-d5953c662823,ca6e3e1f-35eb-491a-ba7e-46aad68b01d6,TPS1 sight,1,1400,1.00,1400,0.5,18,
shop_templates,101db923-b828-417d-9103-c0ea7ac65713,PEDLAR,0ff8ca01-65d8-4231-a543-ea51af90b6f0,00c28802-b4d4-45a6-88cd-6271e060da01,ETA 5 extended mag,1,3500,1.00,3500,0.5,19,
shop_templates,101db923-b828-417d-9103-c0ea7ac65713,PEDLAR,9fe0eaa1-e4f1-47ef-8039-5f7bdaefe7d7,0f36ad15-476b-4dee-85dd-3fede7688ef6,ETA 45 supressor,1,8000,1.00,8000,0.5,20,
shop_templates,101db923-b828-417d-9103-c0ea7ac65713,PEDLAR,b659b41a-eeea-463e-b71a-e21eb630a941,80ff3305-460c-4302-bfe9-5ed6e4dc2567,ETA 5 supressor,1,7000,1.00,7000,0.5,21,
shop_templates,101db923-b828-417d-9103-c0ea7ac65713,PEDLAR,e37bbdd1-ac9f-4677-abec-5316ff93896c,c1f7cb60-80e1-4a19-9177-a11efc70b4af,FRAG Collimator Sight,1,1800,1.00,1800,0.5,22,
shop_templates,101db923-b828-417d-9103-c0ea7ac65713,PEDLAR,83cbc152-2114-42d9-a30c-c7687d5dd2cf,37b81f16-cea6-4d10-a4e5-9afc3e24d77d,DVS FH X,1,9300,1.00,9300,0.5,23,
shop_templates,101db923-b828-417d-9103-c0ea7ac65713,PEDLAR,fef6a6ad-7a3f-4f13-bd2f-94b169083dde,46c9d0a2-7aec-44ab-88a2-cfaa4d1f2668,Eliphalet 700 extended mag,1,8000,1.00,8000,0.5,24,
shop_templates,101db923-b828-417d-9103-c0ea7ac65713,PEDLAR,b44e47ea-7b12-4d2e-91f3-7190cb7c2ff4,7c1e3436-0b6b-4413-89f5-1e154d09f792,Gaston 17 drum mag,1,10000,1.00,10000,0.5,25,
shop_templates,101db923-b828-417d-9103-c0ea7ac65713,PEDLAR,c77266cb-f471-42ec-bce8-6c097fcf036f,fd4000b1-b5ba-4d0d-9b8a-1afe0fcaeb4f,KA74 ext. mag,1,4000,1.00,4000,0.5,26,
shop_templates,101db923-b828-417d-9103-c0ea7ac65713,PEDLAR,d7ec8e95-5636-4439-928e-84c556409feb,3059e2a7-232e-4684-a550-e1baf2be90fa,ETA 5 receiver X,1,6000,1.00,6000,0.5,27,
shop_templates,101db923-b828-417d-9103-c0ea7ac65713,PEDLAR,170aec66-1e65-4eb3-b2b9-ef1a10b98d97,a7f48e9e-cee4-4507-b12d-de836c65dc68,Torso_02_Model_01,1,5000,1.00,5000,1.0,29,
shop_templates,101db923-b828-417d-9103-c0ea7ac65713,PEDLAR,88836119-b6af-4d21-9a71-f7c1590c3867,cf16f0c5-6cb6-41ba-ba9d-3d216343197d,RightArm_02_Model_01,1,2600,1.00,2600,0.8,30,
shop_templates,101db923-b828-417d-9103-c0ea7ac65713,PEDLAR,99fb31ad-d687-4f19-8e9c-da3f2c11449e,6f8b4a62-9113-409b-8d60-c048adb9cb67,LeftArm_02_Model_01,1,2600,1.00,2600,0.8,31,
shop_templates,101db923-b828-417d-9103-c0ea7ac65713,PEDLAR,58594e00-4ea0-4145-9650-22105a2a2c84,ee99f65a-c3ff-4313-857c-f088d0d06da6,LeftLeg_02_Model_01,1,2800,1.00,2800,0.8,32,
shop_templates,101db923-b828-417d-9103-c0ea7ac65713,PEDLAR,298c03ce-a43c-48e7-9423-9fe37c57e8ed,d5063dff-919a-4717-afe1-40e177c1f10b,RightLeg_02_Model_01,1,2800,1.00,2800,0.8,33,
shop_templates,101db923-b828-417d-9103-c0ea7ac65713,PEDLAR,946f3bb3-d339-4af5-b047-a4c4efe21a56,98a63c01-6946-468d-b91b-bca06da66b29,Head_02_Model_01,1,6000,1.00,6000,0.8,34,
shop_templates,101db923-b828-417d-9103-c0ea7ac65713,PEDLAR,1230d507-4c90-40ae-8a6a-d3f6b78a429d,f5ec92b3-85f2-465a-91f8-ed8c1f72f0bc,Rifle case,1,124000,1.00,124000,0.5,35,
shop_templates,101db923-b828-417d-9103-c0ea7ac65713,PEDLAR,77185098-e859-4bfa-941d-cd568c36e900,fa6a54bf-42ec-48f9-bca9-9c6c06ba2c14,Junkbox,1,200000,1.00,200000,0.5,36,
shop_templates,101db923-b828-417d-9103-c0ea7ac65713,PEDLAR,3b848cc6-c551-4dfd-8c54-a631f932f557,4345a530-bd80-4844-b1bd-f0a1da5c46ba,Cashbox,1,10000,1.00,10000,0.5,37,
shop_templates,101db923-b828-417d-9103-c0ea7ac65713,PEDLAR,79be3ba8-dde7-453b-b17e-90859f6c41f2,27618756-432d-4595-a756-e82a7a8bc97e,Aidkit box,1,28000,1.00,28000,0.5,38,
shop_templates,381e554d-0ab7-4111-9e8c-3710bd05d086,SIMPLESHOP01,Day1Preset_SimpleItem_.45 ACP A-I_AccountLevel_1+,98e1e51b-4f8b-4512-bd34-2a37a0eb2930,.45ACP,1000,12,1.00,12,1.0,1,
shop_templates,381e554d-0ab7-4111-9e8c-3710bd05d086,SIMPLESHOP01,Day1Preset_SimpleItem_9x19 A-I_AccountLevel_1+,e3e576c5-7cf4-4e9b-8283-2fd5eb4676d2,9x19,1000,10,1.00,10,1.0,2,
shop_templates,381e554d-0ab7-4111-9e8c-3710bd05d086,SIMPLESHOP01,Day1Preset_SimpleItem_12x70 A-I_Ammo Crafter__from__1,a9fa2bab-dd83-4a9d-9cb4-d02a9cfcdf39,12x70,200,15,1.00,15,0.3,3,
shop_templates,381e554d-0ab7-4111-9e8c-3710bd05d086,SIMPLESHOP01,Day1Preset_SimpleItem_5.45x39 A-I_Ammo Crafter__from__2,a7721ae4-5bb3-4c09-8605-e18272b59ac6,5.45x39,200,16,1.00,16,0.5,4,
shop_templates,381e554d-0ab7-4111-9e8c-3710bd05d086,SIMPLESHOP01,Day1Preset_SimpleItem_5.56x45 A-I_Ammo Crafter__from__2,610a082d-33bd-460b-bb88-ef3151b583d4,5.56x45,200,18,1.00,18,0.5,5,
shop_templates,381e554d-0ab7-4111-9e8c-3710bd05d086,SIMPLESHOP01,Day1Preset_SimpleItem_Grinder disk_AccountLevel_1+,b1c818fa-0ae5-415c-b407-a9c1a92feb14,Grinder disk,40,300,1.00,300,1.0,6,
shop_templates,381e554d-0ab7-4111-9e8c-3710bd05d086,SIMPLESHOP01,Day1Preset_SimpleItem_ServoCure_AccountLevel_1+,0490f111-c829-42fb-9f39-2535a850d909,ServoCure,10,180,1.00,180,1.0,7,
shop_templates,381e554d-0ab7-4111-9e8c-3710bd05d086,SIMPLESHOP01,Day1Preset_SimpleItem_Mini Repair Kit_AccountLevel_1+,2613c37e-2678-4627-a87d-37dc46274d8a,EMERKIT Repair Kit,10,210,1.00,210,1.0,8,
shop_templates,381e554d-0ab7-4111-9e8c-3710bd05d086,SIMPLESHOP01,Day1Preset_SimpleItem_Fabrics repair kit_AccountLevel_1+,9d991ab8-3a58-4751-a758-d86279872dd1,Fabrics_repair_kit,1,4500,0.70,3150,1.0,11,
shop_templates,381e554d-0ab7-4111-9e8c-3710bd05d086,SIMPLESHOP01,Day1Preset_SimpleItem_Weapon repair kit_AccountLevel_1+,0a92b724-46a9-45b9-9837-67f3b2aecf1d,Weapon_repair_kit,1,4500,0.70,3150,1.0,12,
shop_templates,381e554d-0ab7-4111-9e8c-3710bd05d086,SIMPLESHOP01,Day1Preset_SimpleItem_Armor repair kit_AccountLevel_1+,755fa97a-40c0-4e85-ade5-c58bc63db4dd,Armor_repair_kit,1,4500,0.70,3150,1.0,13,
shop_templates,381e554d-0ab7-4111-9e8c-3710bd05d086,SIMPLESHOP01,Day1Preset_SimpleItem_Bodypart repair kit_AccountLevel_1+,76ad31a4-2fe1-4ca4-a2b6-a5133e776ff1,Bodypart_repair_kit,1,4500,0.70,3150,1.0,14,
shop_templates,381e554d-0ab7-4111-9e8c-3710bd05d086,SIMPLESHOP01,Day1Preset_SimpleItem_LUV_AccountLevel_1+,7a24e322-cabe-47b5-813c-f3f6f61fe858,EMERKIT chestrig,3,200,1.00,200,1.0,15,
shop_templates,381e554d-0ab7-4111-9e8c-3710bd05d086,SIMPLESHOP01,Day1Preset_SimpleItem_Sling backpack_AccountLevel_1+,74b1c8af-bf63-442b-aecc-79ebe5afc444,Sling backpack,3,150,0.70,105,1.0,16,
shop_templates,381e554d-0ab7-4111-9e8c-3710bd05d086,SIMPLESHOP01,Day1Preset_SimpleItem_BELLE armor vest_AccountLevel_1+,061806f3-1ab0-478f-8b08-17fb278d2f61,EMERKIT stab vest,3,250,1.00,250,1.0,17,
shop_templates,381e554d-0ab7-4111-9e8c-3710bd05d086,SIMPLESHOP01,26d6d00f-13c8-49b8-81dd-dba4c6d195ba,7499aee7-ebe6-4214-bd5b-abe4198a0799,Safety helmet yellow,3,100,1.00,100,1.0,18,
shop_templates,381e554d-0ab7-4111-9e8c-3710bd05d086,SIMPLESHOP01,6dc653a0-f581-41b1-bd57-e36acebf6144,29d5fdbe-c255-4f33-a018-b7fbeca6acc4,Bp_Head_01_Model_03,1,10000,1.00,10000,0.3,19,
shop_templates,381e554d-0ab7-4111-9e8c-3710bd05d086,SIMPLESHOP01,Day1Preset_SimpleItem_Torso_01_Model_01_AccountLevel_1+,680f8ae0-991c-4502-a4d4-0022d8cb78f3,Torso_01_Model_01,2,5000,0.50,2500,1.0,20,
shop_templates,381e554d-0ab7-4111-9e8c-3710bd05d086,SIMPLESHOP01,Day1Preset_SimpleItem_LeftArm_01_Model_01_AccountLevel_1+,0309e0f3-8126-4366-8fbf-f0fc8f0b57af,LeftArm_01_Model_01,3,2500,0.60,1500,1.0,21,
shop_templates,381e554d-0ab7-4111-9e8c-3710bd05d086,SIMPLESHOP01,Day1Preset_SimpleItem_RightArm_01_Model_01_AccountLevel_1+,f885211a-84cd-4b7e-a626-2c837986357e,RightArm_01_Model_01,3,2500,0.60,1500,1.0,22,
shop_templates,381e554d-0ab7-4111-9e8c-3710bd05d086,SIMPLESHOP01,Day1Preset_SimpleItem_LeftLeg_01_Model_01_AccountLevel_1+,255e0cd3-75b0-486e-9166-b1105b895afe,LeftLeg_01_Model_01,3,2500,0.60,1500,1.0,23,
shop_templates,381e554d-0ab7-4111-9e8c-3710bd05d086,SIMPLESHOP01,Day1Preset_SimpleItem_RightLeg_01_Model_01_AccountLevel_1+,989fd5c1-f17f-4725-9b89-3a6af4d40edc,RightLeg_01_Model_01,3,2500,0.60,1500,1.0,24,
shop_templates,381e554d-0ab7-4111-9e8c-3710bd05d086,SIMPLESHOP01,Day1Preset_SimpleItem_Cashbox_AccountLevel_1+,4345a530-bd80-4844-b1bd-f0a1da5c46ba,Cashbox,1,10000,1.00,10000,0.01,25,
shop_templates,381e554d-0ab7-4111-9e8c-3710bd05d086,SIMPLESHOP01,Day1Preset_SimpleItem_Key holder_AccountLevel_1+,83851a2f-728f-4052-9b65-2f3e9f5b0ddb,Key holder,1,5000,1.00,5000,0.3,26,
shop_templates,381e554d-0ab7-4111-9e8c-3710bd05d086,SIMPLESHOP01,7720d2e3-edd8-4a73-b244-db26037dfada,ba31b4db-46b9-4565-af4e-e972e5e0f0f4,Hammer,1,200,1.00,200,1.0,27,
shop_templates,381e554d-0ab7-4111-9e8c-3710bd05d086,SIMPLESHOP01,811fbc67-a06a-4929-ae6c-e21c1895c249,1c673324-9718-44d6-83b7-6cd1b37576d3,Torso_01_Model_02,1,5200,0.50,2600,0.1,28,
shop_templates,381e554d-0ab7-4111-9e8c-3710bd05d086,SIMPLESHOP01,Day1Preset_SimpleItem_Aidkit box_AccountLevel_1+,27618756-432d-4595-a756-e82a7a8bc97e,Aidkit box,1,28000,1.00,28000,0.01,29,
shop_templates,381e554d-0ab7-4111-9e8c-3710bd05d086,SIMPLESHOP01,Day1Preset_SimpleItem_Ammo box_AccountLevel_1+,dbd3de0b-2917-444f-87dc-9385bf233a90,Ammo box,1,20000,1.00,20000,0.01,30,
shop_templates,381e554d-0ab7-4111-9e8c-3710bd05d086,SIMPLESHOP01,Day1Preset_SimpleItem_Rifle case_AccountLevel_1+,f5ec92b3-85f2-465a-91f8-ed8c1f72f0bc,Rifle case,1,124000,1.00,124000,0.01,31,
shop_templates,381e554d-0ab7-4111-9e8c-3710bd05d086,SIMPLESHOP01,Day1Preset_SimpleItem_Junkbox_AccountLevel_1+,fa6a54bf-42ec-48f9-bca9-9c6c06ba2c14,Junkbox,1,200000,1.00,200000,0.05,32,
shop_templates,381e554d-0ab7-4111-9e8c-3710bd05d086,SIMPLESHOP01,Day1Preset_SimpleItem_QuestTool_01_Filter_Quest_mission_ever_b002_0001_0040_CompletedQuest,71111a00-b560-43c6-98d5-39d90c7fb822,QuestTool_01,10,1000,1.00,1000,1.0,33,
shop_templates,381e554d-0ab7-4111-9e8c-3710bd05d086,SIMPLESHOP01,111a355c-c854-4e51-858a-d5953c662823,ca6e3e1f-35eb-491a-ba7e-46aad68b01d6,TPS1 sight,2,1400,1.00,1400,0.5,34,
shop_templates,381e554d-0ab7-4111-9e8c-3710bd05d086,SIMPLESHOP01,0ff8ca01-65d8-4231-a543-ea51af90b6f0,00c28802-b4d4-45a6-88cd-6271e060da01,ETA 5 extended mag,1,3500,1.00,3500,0.5,35,
shop_templates,381e554d-0ab7-4111-9e8c-3710bd05d086,SIMPLESHOP01,9fe0eaa1-e4f1-47ef-8039-5f7bdaefe7d7,0f36ad15-476b-4dee-85dd-3fede7688ef6,ETA 45 supressor,1,8000,1.00,8000,0.4,36,
shop_templates,381e554d-0ab7-4111-9e8c-3710bd05d086,SIMPLESHOP01,b659b41a-eeea-463e-b71a-e21eb630a941,80ff3305-460c-4302-bfe9-5ed6e4dc2567,ETA 5 supressor,1,7000,1.00,7000,0.4,37,
offline_pricelist,01c4b488-2758-4b2a-8f13-840160749a67,offline_01c4b488,a16b0025-598d-448e-ae58-c712d7caf666,a9fa2bab-dd83-4a9d-9cb4-d02a9cfcdf39,12x70,-1,15,1.10,16.5,,,
offline_pricelist,01c4b488-2758-4b2a-8f13-840160749a67,offline_01c4b488,d26c2499-c9f5-4168-b466-3ff158377394,d3b7a43a-c819-45a9-b732-419d6b86af39,5.56x45 A-II,5,23,1.10,25.3,,,
offline_pricelist,01c4b488-2758-4b2a-8f13-840160749a67,offline_01c4b488,8c292d5a-b0aa-4e28-8c6a-2648842a0b8d,9e34ca37-ad83-4908-b87b-101fd9e92458,7.62x51 A-II,,30,1.10,33,,,
offline_pricelist,01c4b488-2758-4b2a-8f13-840160749a67,offline_01c4b488,e2307300-5ccf-4726-a800-93d5ddf6c960,e3e576c5-7cf4-4e9b-8283-2fd5eb4676d2,9x19,-1,10,1.10,11,,,
offline_pricelist,01c4b488-2758-4b2a-8f13-840160749a67,offline_01c4b488,109e9de2-5e0b-4b77-b17e-1b6c586d6af1,d6cd9825-b541-45c6-aea4-4391cd8bdb9f,ETA 5,-1,3300,1.10,3630,,,
offline_pricelist,01c4b488-2758-4b2a-8f13-840160749a67,offline_01c4b488,882cd6cd-4529-4c49-94d5-a7cd17d6cb50,d6cd9825-b541-45c6-aea4-4391cd8bdb9f,ETA 5,-1,3300,1.10,3630,,,a84141c7-1cfc-413f-a4e4-666822d1d78a;8d1a20b3-16f0-4489-aaca-692f2ce39ceb;1f2c5d76-d78d-4962-ba28-7bf726c6748d;00c28802-b4d4-45a6-88cd-6271e060da01
offline_pricelist,01c4b488-2758-4b2a-8f13-840160749a67,offline_01c4b488,cbb748c2-452e-4949-b96d-c1e51898ca92,00c28802-b4d4-45a6-88cd-6271e060da01,ETA 5 extended mag,-1,3500,1.10,3850,,,
offline_pricelist,01c4b488-2758-4b2a-8f13-840160749a67,offline_01c4b488,50a88968-d01c-4a3f-b392-662a08a4abfb,055f2121-3dbe-4c50-bc49-4df4ff3cc757,FE ballistic vest,-1,3500,1.10,3850,,,
offline_pricelist,01c4b488-2758-4b2a-8f13-840160749a67,offline_01c4b488,79959c4e-70e1-471f-a753-2e4ba94ad24a,0512b4bf-1eec-4818-a314-510e08bda0a1,Gaston 17,-1,4000,1.10,4400,,,
offline_pricelist,01c4b488-2758-4b2a-8f13-840160749a67,offline_01c4b488,64625564-207a-4d6c-9d03-d9dedee7698a,0512b4bf-1eec-4818-a314-510e08bda0a1,Gaston 17,-1,4000,1.10,4400,,,4abf91ad-a2a8-47ff-a22e-1dff2de5e5d5
offline_pricelist,01c4b488-2758-4b2a-8f13-840160749a67,offline_01c4b488,0dc7f9a1-b0ca-41b9-913c-e661850cea57,798db9cb-47fd-4be5-b6ca-71fac65a700b,Gaston 17 mag,-1,604,1.10,664.4,,,
offline_pricelist,01c4b488-2758-4b2a-8f13-840160749a67,offline_01c4b488,de12e403-2c6a-4167-936f-cde46151e6ac,e4a92f12-64f9-4b99-b5a6-6ea543fcad04,HB 4 helmet,-1,4000,1.10,4400,,,
offline_pricelist,01c4b488-2758-4b2a-8f13-840160749a67,offline_01c4b488,33c5f11c-7f06-46af-a72e-7f91c4b95b3e,67d47d16-5a14-4f20-a8c8-3597dab8be55,M69 frag,1,650,1.10,715,,,
offline_pricelist,01c4b488-2758-4b2a-8f13-840160749a67,offline_01c4b488,09ab5192-f13f-4e75-a035-c4b9b0026052,e6ec3bc6-a38e-4f1c-a04d-bf900bf082b3,MaRK,-1,1020,1.10,1122,,,
offline_pricelist,01c4b488-2758-4b2a-8f13-840160749a67,offline_01c4b488,ce55316c-94ca-4155-ae6a-4bc6055cc071,6d249ffa-bd3b-43c2-89fa-4992be7af2a9,Mini Repair Kit,-1,310,1.10,341,,,
offline_pricelist,01c4b488-2758-4b2a-8f13-840160749a67,offline_01c4b488,72044ab1-78d5-45a0-b491-05ef1c7e2b62,b26c003f-496e-41b3-bc6f-70beaa76ac0e,Repair Kit,-1,550,1.10,605,,,
offline_pricelist,01c4b488-2758-4b2a-8f13-840160749a67,offline_01c4b488,0eff332e-a79f-4735-8685-7cb8c1259faa,34191a8f-f8e3-412e-845a-ca812261402e,Tactical assault backpack,-1,620,1.10,682,,,
offline_pricelist,01c4b488-2758-4b2a-8f13-840160749a67,offline_01c4b488,d0c772b8-1516-4137-b202-c373bcb8b7c4,b789f670-769a-4c47-a3d0-06252185764f,Zenith tactical vest,-1,650,1.10,715,,,
